{
    "version": "0.2.0",
    "configurations": [
        {
            "name": ".NET Launch (Windows Forms)",
            "type": "coreclr",
            "request": "launch",
            "preLaunchTask": "build",
            "program": "${workspaceFolder}/bin/Debug/net8.0-windows/TaskFolder.exe",
            "args": [],
            "cwd": "${workspaceFolder}",
            "console": "internalConsole",
            "stopAtEntry": false
        },
        {
            "name": ".NET Attach",
            "type": "coreclr",
            "request": "attach"
        }
    ]
}
