{
    "version": "2.0.0",
    "tasks": [
        {
            "label": "build",
            "command": "dotnet",
            "type": "process",
            "args": [
                "build",
                "${workspaceFolder}/TaskFolder.csproj",
                "/property:GenerateFullPaths=true",
                "/consoleloggerparameters:NoSummary"
            ],
            "problemMatcher": "$msCompile",
            "group": {
                "kind": "build",
                "isDefault": true
            }
        },
        {
            "label": "publish",
            "command": "dotnet",
            "type": "process",
            "args": [
                "publish",
                "${workspaceFolder}/TaskFolder.csproj",
                "-c",
                "Release",
                "-r",
                "win-x64",
                "--self-contained",
                "true",
                "/p:PublishSingleFile=true",
                "/p:CopyOutputSymbolsToPublishDirectory=true",
                "/p:IncludeRuntimeIdentifier=true"
            ],
            "problemMatcher": "$msCompile"
        },
        {
            "label": "watch",
            "command": "dotnet",
            "type": "process",
            "args": [
                "watch",
                "run",
                "--project",
                "${workspaceFolder}/TaskFolder.csproj"
            ],
            "problemMatcher": "$msCompile"
        },
        {
            "label": "clean",
            "command": "dotnet",
            "type": "process",
            "args": [
                "clean",
                "${workspaceFolder}/TaskFolder.csproj"
            ],
            "problemMatcher": "$msCompile"
        }
    ]
}
